athlete,sport,brand,total_value,annual_value,period,status,confidence,category
Michael Jordan,Basketball,Jordan Brand,$2.5B,$150.0M/yr,1984–Present,active,verified,Apparel
LeBron James,Basketball,Nike,$1.0B,$30.0M/yr,2003–Present,active,verified,Apparel
Cristiano Ronaldo,Football (soccer),Nike,$1.0B,$20.0M/yr,2003–Present,active,verified,Apparel
Lionel Messi,Football (soccer),Adidas,$750.0M,$25.0M/yr,2006–Present,active,verified,Apparel
Tiger Woods,Golf,Nike,$500.0M,$20.0M/yr,1996–2024,expired,verified,Apparel
Kobe Bryant,Basketball,Nike,$400.0M,$16.0M/yr,2003–Present,active,verified,Apparel
Kevin Durant,Basketball,Nike,$300.0M,$26.0M/yr,2007–Present,active,verified,Apparel
Stephen Curry,Basketball,Under Armour (Curry Brand),$215.0M,$20.0M/yr,2013–Present,active,verified,Apparel
Kylian Mbappé,Football (soccer),Nike,$180.0M,$18.0M/yr,2017–Present,active,verified,Apparel
David Beckham,Football (soccer),Adidas,$160.0M,$10.0M/yr,2003–Present,active,verified,Apparel
Derek Jeter,Baseball,Jordan Brand,$160.0M,$7.0M/yr,1999–Present,active,verified,Apparel
Serena Williams,Tennis,Nike,$120.0M,$10.0M/yr,2004–Present,active,verified,Apparel
Tiger Woods,Golf,TaylorMade,$100.0M,$10.0M/yr,2017–Present,active,estimated,Equipment
Luka Dončić,Basketball,Jordan Brand,$100.0M,$10.0M/yr,2019–Present,active,verified,Apparel
Victor Wembanyama,Basketball,Nike,$100.0M,$10.0M/yr,2023–Present,active,verified,Apparel
Jayson Tatum,Basketball,Jordan Brand,$75.0M,$10.0M/yr,2019–Present,active,verified,Apparel
Anthony Edwards,Basketball,Adidas,$65.0M,$8.0M/yr,2020–Present,active,verified,Apparel
Giannis Antetokounmpo,Basketball,Nike,$60.0M,$10.0M/yr,2017–Present,active,verified,Apparel
Erling Haaland,Football (soccer),Nike,$60.0M,$10.0M/yr,2021–Present,active,estimated,Apparel
Tiger Woods,Golf,Rolex,$50.0M,$5.0M/yr,2011–Present,active,estimated,Luxury
Peyton Manning,American football,Nationwide,$50.0M,$3.0M/yr,2014–Present,active,estimated,Insurance
Naomi Osaka,Tennis,Nike,$50.0M,$10.0M/yr,2019–Present,active,verified,Apparel
Kobe Bryant,Basketball,Adidas,$48.0M,$8.0M/yr,1996–2002,expired,verified,Apparel
Tiger Woods,Golf,EA Sports,$40.0M,—,1998–2013,expired,estimated,Gaming
Kobe Bryant,Basketball,Coca-Cola,$40.0M,—,1997–2014,expired,estimated,Beverage
David Beckham,Football (soccer),Tudor,$40.0M,$5.0M/yr,2017–Present,active,estimated,Luxury
David Beckham,Football (soccer),EA Sports,$40.0M,—,2018–Present,active,estimated,Gaming
Derek Jeter,Baseball,Gatorade,$40.0M,—,2000–2014,expired,estimated,Beverage
Peyton Manning,American football,Nike,$40.0M,—,1998–2016,expired,estimated,Apparel
Vinícius Jr.,Football (soccer),Nike,$40.0M,$8.0M/yr,2018–Present,active,estimated,Apparel
Shohei Ohtani,Baseball,New Balance,$35.0M,$7.0M/yr,2023–Present,active,estimated,Apparel
LeBron James,Basketball,Beats by Dre,$30.0M,—,2008–2014,expired,estimated,Electronics
Patrick Mahomes,American football,State Farm,$30.0M,$5.0M/yr,2020–Present,active,estimated,Insurance
David Beckham,Football (soccer),Louis Vuitton,$30.0M,—,2022–Present,active,estimated,Luxury
Muhammad Ali,Boxing,Adidas,$30.0M,—,1970–1981,expired,estimated,Apparel
Derek Jeter,Baseball,Ford,$30.0M,—,2005–2014,expired,estimated,Automotive
Nikola Jokić,Basketball,Nike,$30.0M,$5.0M/yr,2018–Present,active,estimated,Apparel
Mohamed Salah,Football (soccer),Adidas,$30.0M,$6.0M/yr,2018–Present,active,estimated,Apparel
Jude Bellingham,Football (soccer),Adidas,$30.0M,$6.0M/yr,2023–Present,active,verified,Apparel
Caitlin Clark,Basketball,Nike,$28.0M,$3.5M/yr,2024–Present,active,verified,Apparel
Patrick Mahomes,American football,Adidas,$25.0M,$5.0M/yr,2018–Present,active,estimated,Apparel
David Beckham,Football (soccer),Pepsi,$25.0M,—,2003–2014,expired,estimated,Beverage
Wayne Gretzky,Ice hockey,Nike,$25.0M,—,1988–1999,expired,estimated,Apparel
Peyton Manning,American football,Gatorade,$25.0M,—,2005–2016,expired,estimated,Beverage
Ja Morant,Basketball,Nike,$25.0M,$5.0M/yr,2019–Present,active,estimated,Apparel
Neymar Jr.,Football (soccer),Puma,$25.0M,$5.0M/yr,2020–Present,active,verified,Apparel
Carlos Alcaraz,Tennis,Nike,$25.0M,$5.0M/yr,2022–Present,active,verified,Apparel
LeBron James,Basketball,GMC,$20.0M,$5.0M/yr,2021–Present,active,estimated,Automotive
Lionel Messi,Football (soccer),Pepsi,$20.0M,$5.0M/yr,2012–Present,active,estimated,Beverage
Stephen Curry,Basketball,JPMorgan Chase,$20.0M,$5.0M/yr,2020–Present,active,estimated,Finance
Serena Williams,Tennis,Gatorade,$20.0M,$4.0M/yr,2007–2022,expired,estimated,Beverage
Kobe Bryant,Basketball,Hublot,$20.0M,$2.0M/yr,2013–2020,expired,estimated,Luxury
Wayne Gretzky,Ice hockey,Ford,$20.0M,—,1985–1999,expired,estimated,Automotive
Michael Jordan,Basketball,Gatorade,$18.0M,—,1991–2012,expired,estimated,Beverage
LeBron James,Basketball,Pepsi,$16.0M,$4.0M/yr,2020–Present,active,estimated,Beverage
Cristiano Ronaldo,Football (soccer),Hublot,$15.0M,$5.0M/yr,2018–Present,active,estimated,Luxury
Travis Kelce,American football,Nike,$15.0M,$3.0M/yr,2022–Present,active,estimated,Apparel
Kobe Bryant,Basketball,EA Sports,$15.0M,—,2000–2016,expired,estimated,Gaming
David Beckham,Football (soccer),Samsung,$15.0M,—,2014–2020,expired,estimated,Technology
Wayne Gretzky,Ice hockey,EA Sports,$15.0M,—,1998–2005,expired,estimated,Gaming
Justin Jefferson,American football,Jordan Brand,$15.0M,$3.0M/yr,2022–Present,active,estimated,Apparel
Neymar Jr.,Football (soccer),Red Bull,$15.0M,$3.0M/yr,2017–Present,active,estimated,Beverage
Lamine Yamal,Football (soccer),Adidas,$15.0M,$3.0M/yr,2024–Present,active,estimated,Apparel
Scottie Scheffler,Golf,Adidas,$15.0M,$3.0M/yr,2022–Present,active,estimated,Apparel
Peyton Manning,American football,Papa John's,$12.0M,—,2012–2018,expired,verified,Food
Aaron Judge,Baseball,Adidas,$12.0M,$3.0M/yr,2022–Present,active,estimated,Apparel
Josh Allen,American football,Nike,$12.0M,$3.0M/yr,2020–Present,active,estimated,Apparel
Michael Jordan,Basketball,Hanes,$10.0M,$2.0M/yr,1989–Present,active,estimated,Apparel
Cristiano Ronaldo,Football (soccer),EA Sports,$10.0M,$2.0M/yr,2014–2021,expired,estimated,Gaming
Lionel Messi,Football (soccer),Louis Vuitton,$10.0M,—,2022–Present,active,estimated,Luxury
Patrick Mahomes,American football,Oakley,$10.0M,$2.0M/yr,2019–Present,active,estimated,Eyewear
Muhammad Ali,Boxing,EA Sports,$10.0M,—,2004–2011,expired,estimated,Gaming
Wayne Gretzky,Ice hockey,Rolex,$10.0M,$1.0M/yr,2010–Present,active,estimated,Luxury
Derek Jeter,Baseball,Pepsi,$10.0M,—,2004–2010,expired,estimated,Beverage
Peyton Manning,American football,EA Sports,$10.0M,—,2003–2016,expired,estimated,Gaming
Shohei Ohtani,Baseball,Seiko,$10.0M,$2.0M/yr,2022–Present,active,estimated,Luxury
Naomi Osaka,Tennis,Louis Vuitton,$10.0M,$2.0M/yr,2021–Present,active,estimated,Luxury
Connor McDavid,Ice hockey,Adidas,$10.0M,$2.0M/yr,2018–Present,active,estimated,Apparel
Kevin Durant,Basketball,Coinbase,$10.0M,$2.0M/yr,2021–Present,active,estimated,Finance
Jalen Hurts,American football,Adidas,$10.0M,$2.5M/yr,2022–Present,active,estimated,Apparel
Neymar Jr.,Football (soccer),Beats by Dre,$10.0M,$2.0M/yr,2014–Present,active,estimated,Electronics
Kylian Mbappé,Football (soccer),Hublot,$10.0M,$3.0M/yr,2021–Present,active,estimated,Luxury
Kylian Mbappé,Football (soccer),EA Sports,$10.0M,$2.0M/yr,2018–Present,active,estimated,Gaming
Dak Prescott,American football,Jordan Brand,$10.0M,$2.0M/yr,2021–Present,active,estimated,Apparel
Mohamed Salah,Football (soccer),Pepsi,$10.0M,$2.0M/yr,2017–Present,active,estimated,Beverage
Saquon Barkley,American football,Nike,$10.0M,$2.5M/yr,2018–Present,active,estimated,Apparel
Caleb Williams,American football,Nike,$10.0M,$2.5M/yr,2024–Present,active,estimated,Apparel
A'ja Wilson,Basketball,Nike,$10.0M,$2.0M/yr,2018–Present,active,verified,Apparel
Florian Wirtz,Football (soccer),Nike,$10.0M,$2.5M/yr,2022–Present,active,estimated,Apparel
Noah Lyles,Track & field,Adidas,$10.0M,$2.0M/yr,2021–Present,active,estimated,Apparel
Bryce Underwood,American football,Champions Circle,$10.0M,$2.5M/yr,2024–Present,active,verified,NIL Collective
Travis Kelce,American football,Pepsi,$8.0M,$2.0M/yr,2023–Present,active,estimated,Beverage
Giannis Antetokounmpo,Basketball,BMW,$8.0M,$2.0M/yr,2022–Present,active,estimated,Automotive
Kevin Durant,Basketball,NBA 2K,$8.0M,$2.0M/yr,2020–Present,active,estimated,Gaming
Jayson Tatum,Basketball,Gatorade,$8.0M,$2.0M/yr,2021–Present,active,estimated,Beverage
Lamar Jackson,American football,Nike,$8.0M,$2.0M/yr,2019–Present,active,estimated,Apparel
Neymar Jr.,Football (soccer),EA Sports,$8.0M,$2.0M/yr,2014–2022,expired,estimated,Gaming
Erling Haaland,Football (soccer),Samsung,$8.0M,$2.0M/yr,2023–Present,active,estimated,Technology
Mohamed Salah,Football (soccer),Vodafone,$8.0M,$2.0M/yr,2018–Present,active,estimated,Telecommunications
C.J. Stroud,American football,Nike,$8.0M,$2.0M/yr,2023–Present,active,estimated,Apparel
Breanna Stewart,Basketball,Puma,$8.0M,$2.0M/yr,2022–Present,active,verified,Apparel
Sabrina Ionescu,Basketball,Nike,$8.0M,$2.0M/yr,2020–Present,active,verified,Apparel
Aitana Bonmatí,Football (soccer),Nike,$8.0M,$2.0M/yr,2023–Present,active,estimated,Apparel
Carlos Alcaraz,Tennis,Rolex,$8.0M,$2.0M/yr,2023–Present,active,estimated,Luxury
Scottie Scheffler,Golf,Titleist,$8.0M,$2.0M/yr,2021–Present,active,estimated,Equipment
Luka Dončić,Basketball,EA Sports,$6.0M,$1.5M/yr,2022–Present,active,estimated,Gaming
Tyreek Hill,American football,Adidas,$6.0M,$1.5M/yr,2019–Present,active,estimated,Apparel
Nelly Korda,Golf,Adidas,$6.0M,$1.5M/yr,2021–Present,active,estimated,Apparel
Nico Iamaleava,American football,Spyre Sports,$6.0M,$2.0M/yr,2023–Present,active,verified,Sports Agency
Michael Jordan,Basketball,Wheaties,$5.0M,—,1988–1998,expired,estimated,Food
Travis Kelce,American football,Pfizer,$5.0M,$2.5M/yr,2023–Present,active,rumored,Healthcare
Muhammad Ali,Boxing,Wheaties,$5.0M,—,1999–2000,expired,estimated,Food
Caitlin Clark,Basketball,Gatorade,$5.0M,$1.0M/yr,2024–Present,active,estimated,Beverage
Bronny James,Basketball,Nike,$5.0M,$1.0M/yr,2023–Present,active,estimated,Apparel
Connor McDavid,Ice hockey,EA Sports,$5.0M,$1.0M/yr,2017–Present,active,estimated,Gaming
Luka Dončić,Basketball,BodyArmor,$5.0M,$1.0M/yr,2021–Present,active,estimated,Beverage
Jayson Tatum,Basketball,Subway,$5.0M,$1.0M/yr,2022–Present,active,estimated,Food
Josh Allen,American football,New Era,$5.0M,$1.0M/yr,2022–Present,active,estimated,Apparel
Justin Jefferson,American football,Pepsi,$5.0M,$1.0M/yr,2023–Present,active,estimated,Beverage
Lamar Jackson,American football,EA Sports,$5.0M,$1.0M/yr,2020–Present,active,estimated,Gaming
Kylian Mbappé,Football (soccer),Oakley,$5.0M,$1.0M/yr,2020–Present,active,estimated,Eyewear
Erling Haaland,Football (soccer),Whoop,$5.0M,$1.0M/yr,2022–Present,active,estimated,Technology
Vinícius Jr.,Football (soccer),Pepsi,$5.0M,$1.0M/yr,2023–Present,active,estimated,Beverage
Dak Prescott,American football,Pepsi,$5.0M,$1.0M/yr,2020–Present,active,estimated,Beverage
Victor Wembanyama,Basketball,NBA 2K,$5.0M,$1.0M/yr,2023–Present,active,estimated,Gaming
Angel Reese,Basketball,Reebok,$5.0M,$1.0M/yr,2024–Present,active,estimated,Apparel
Jude Bellingham,Football (soccer),Samsung,$5.0M,$1.5M/yr,2024–Present,active,estimated,Technology
Connor Bedard,Ice hockey,Adidas,$5.0M,$1.0M/yr,2023–Present,active,estimated,Apparel
Carlos Alcaraz,Tennis,BMW,$5.0M,$1.5M/yr,2024–Present,active,estimated,Automotive
Scottie Scheffler,Golf,Rolex,$5.0M,$1.0M/yr,2024–Present,active,estimated,Luxury
Bronny James (NIL Era),Basketball,Nike,$5.0M,$1.0M/yr,2023–2024,expired,estimated,Apparel
Caitlin Clark,Basketball,State Farm,$4.0M,$1.0M/yr,2024–Present,active,estimated,Insurance
Aaron Judge,Baseball,Pepsi,$4.0M,$1.0M/yr,2022–Present,active,estimated,Beverage
Nikola Jokić,Basketball,Western Union,$4.0M,$1.0M/yr,2022–Present,active,estimated,Finance
Josh Allen,American football,Pepsi,$4.0M,$1.0M/yr,2023–Present,active,estimated,Beverage
Dak Prescott,American football,State Farm,$4.0M,$1.0M/yr,2022–Present,active,estimated,Insurance
Saquon Barkley,American football,Pepsi,$4.0M,$1.0M/yr,2024–Present,active,estimated,Beverage
Jude Bellingham,Football (soccer),EA Sports,$4.0M,$1.0M/yr,2023–Present,active,estimated,Gaming
Jude Bellingham,Football (soccer),Rolex,$4.0M,$1.0M/yr,2024–Present,active,rumored,Luxury
Carlos Alcaraz,Tennis,Babolat,$4.0M,$1.0M/yr,2020–Present,active,estimated,Equipment
Nelly Korda,Golf,TaylorMade,$4.0M,$1.0M/yr,2022–Present,active,estimated,Equipment
Anthony Edwards,Basketball,Beats by Dre,$3.0M,$1.0M/yr,2023–Present,active,estimated,Electronics
Ja Morant,Basketball,Beats by Dre,$3.0M,$1.0M/yr,2021–Present,active,estimated,Electronics
Justin Jefferson,American football,Beats by Dre,$3.0M,$1.0M/yr,2022–Present,active,estimated,Electronics
Jalen Hurts,American football,Beats by Dre,$3.0M,$1.0M/yr,2023–Present,active,estimated,Electronics
Saquon Barkley,American football,Toyota,$3.0M,$750K/yr,2024–Present,active,rumored,Automotive
C.J. Stroud,American football,EA Sports,$3.0M,$750K/yr,2024–Present,active,estimated,Gaming
Caleb Williams,American football,Beats by Dre,$3.0M,$1.0M/yr,2024–Present,active,estimated,Electronics
Caleb Williams,American football,Kia,$3.0M,$750K/yr,2024–Present,active,rumored,Automotive
A'ja Wilson,Basketball,Gatorade,$3.0M,$750K/yr,2023–Present,active,estimated,Beverage
Sabrina Ionescu,Basketball,Gatorade,$3.0M,$750K/yr,2023–Present,active,estimated,Beverage
Aitana Bonmatí,Football (soccer),Pepsi,$3.0M,$750K/yr,2024–Present,active,estimated,Beverage
Jude Bellingham,Football (soccer),Pepsi,$3.0M,$750K/yr,2024–Present,active,estimated,Beverage
Florian Wirtz,Football (soccer),BMW,$3.0M,$750K/yr,2024–Present,active,rumored,Automotive
Lamine Yamal,Football (soccer),EA Sports,$3.0M,$1.0M/yr,2024–Present,active,estimated,Gaming
Carlos Alcaraz,Tennis,Samsung,$3.0M,$750K/yr,2024–Present,active,estimated,Technology
Scottie Scheffler,Golf,NetJets,$3.0M,$750K/yr,2024–Present,active,estimated,Travel
Nelly Korda,Golf,Rolex,$3.0M,$750K/yr,2022–Present,active,estimated,Luxury
Noah Lyles,Track & field,Gatorade,$3.0M,$750K/yr,2024–Present,active,estimated,Beverage
AJ Dybantsa,Basketball,Nike,$3.0M,$1.0M/yr,2025–Present,active,estimated,Apparel
Caleb Williams,American football,EA Sports,$2.5M,$625K/yr,2024–Present,active,estimated,Gaming
Breanna Stewart,Basketball,Gatorade,$2.5M,$625K/yr,2023–Present,active,estimated,Beverage
Noah Lyles,Track & field,Coca-Cola,$2.5M,$625K/yr,2024–Present,active,estimated,Beverage
Livvy Dunne,Gymnastics,Vuori,$2.0M,$500K/yr,2022–Present,active,estimated,Apparel
Shedeur Sanders,American football,Nike,$2.0M,$500K/yr,2022–Present,active,estimated,Apparel
Tyreek Hill,American football,Beats by Dre,$2.0M,$500K/yr,2022–Present,active,estimated,Electronics
Saquon Barkley,American football,Fanatics,$2.0M,$500K/yr,2024–Present,active,estimated,Retail
C.J. Stroud,American football,Beats by Dre,$2.0M,$500K/yr,2024–Present,active,estimated,Electronics
C.J. Stroud,American football,Samsung,$2.0M,$500K/yr,2024–Present,active,rumored,Technology
Caleb Williams,American football,Gatorade,$2.0M,$500K/yr,2024–Present,active,estimated,Beverage
A'ja Wilson,Basketball,Samsung,$2.0M,$500K/yr,2024–Present,active,estimated,Technology
Sabrina Ionescu,Basketball,State Farm,$2.0M,$500K/yr,2024–Present,active,estimated,Insurance
Florian Wirtz,Football (soccer),EA Sports,$2.0M,$500K/yr,2024–Present,active,estimated,Gaming
Florian Wirtz,Football (soccer),Coca-Cola,$2.0M,$500K/yr,2024–Present,active,estimated,Beverage
Lamine Yamal,Football (soccer),Pepsi,$2.0M,$500K/yr,2024–Present,active,estimated,Beverage
Connor Bedard,Ice hockey,EA Sports,$2.0M,$500K/yr,2024–Present,active,estimated,Gaming
Carlos Alcaraz,Tennis,El Corte Inglés,$2.0M,$500K/yr,2023–Present,active,estimated,Retail
Scottie Scheffler,Golf,EA Sports PGA Tour,$2.0M,$500K/yr,2023–Present,active,estimated,Gaming
Noah Lyles,Track & field,Hublot,$2.0M,$500K/yr,2023–Present,active,estimated,Luxury
Nico Iamaleava,American football,Nike,$2.0M,$800K/yr,2023–Present,active,estimated,Apparel
Cooper Flagg,Basketball,Nike,$2.0M,$1.0M/yr,2024–Present,active,estimated,Apparel
Paige Bueckers,Basketball,Nike,$2.0M,$500K/yr,2021–Present,active,estimated,Apparel
Yaxel Lendeborg,Basketball,2K Sports,$2.0M,$1.0M/yr,2025–Present,active,estimated,Gaming
Saquon Barkley,American football,Campbell's Soup,$1.5M,$500K/yr,2023–Present,active,estimated,Food
C.J. Stroud,American football,BodyArmor,$1.5M,$500K/yr,2024–Present,active,estimated,Beverage
Angel Reese,Basketball,Beats by Dre,$1.5M,$500K/yr,2024–Present,active,estimated,Electronics
A'ja Wilson,Basketball,EA Sports,$1.5M,$500K/yr,2024–Present,active,estimated,Gaming
Breanna Stewart,Basketball,State Farm,$1.5M,$500K/yr,2024–Present,active,estimated,Insurance
Sabrina Ionescu,Basketball,Tissot,$1.5M,$500K/yr,2024–Present,active,estimated,Luxury
Aitana Bonmatí,Football (soccer),Tissot,$1.5M,$500K/yr,2024–Present,active,estimated,Luxury
Connor Bedard,Ice hockey,CCM Hockey,$1.5M,$375K/yr,2023–Present,active,estimated,Equipment
Nelly Korda,Golf,Celsius,$1.5M,$375K/yr,2024–Present,active,estimated,Beverage
Noah Lyles,Track & field,Samsung,$1.5M,$500K/yr,2024–Present,active,rumored,Technology
Arch Manning,American football,Nike,$1.5M,$500K/yr,2023–Present,active,estimated,Apparel
Travis Hunter,American football,Nike,$1.5M,$500K/yr,2023–Present,active,estimated,Apparel
Caleb Williams,American football,Nike,$1.5M,$500K/yr,2022–2024,expired,estimated,Apparel
Angel Reese (College),Basketball,Reebok,$1.5M,$500K/yr,2023–2024,expired,estimated,Apparel
Suni Lee,Gymnastics,Nike,$1.5M,$500K/yr,2021–Present,active,estimated,Apparel
JuJu Watkins,Basketball,Nike,$1.2M,$400K/yr,2024–Present,active,estimated,Apparel
Cam Coleman,American football,Nike,$1.2M,$600K/yr,2025–Present,active,estimated,Apparel
Livvy Dunne,Gymnastics,American Eagle,$1.0M,$300K/yr,2022–Present,active,estimated,Apparel
Shedeur Sanders,American football,Beats by Dre,$1.0M,$500K/yr,2023–Present,active,estimated,Electronics
Bronny James,Basketball,Beats by Dre,$1.0M,$500K/yr,2023–Present,active,estimated,Electronics
Angel Reese,Basketball,Amazon,$1.0M,$500K/yr,2024–Present,active,estimated,Technology
A'ja Wilson,Basketball,BodyArmor,$1.0M,$500K/yr,2022–Present,active,estimated,Beverage
Breanna Stewart,Basketball,Beats by Dre,$1.0M,$500K/yr,2023–Present,active,estimated,Electronics
Sabrina Ionescu,Basketball,EA Sports,$1.0M,$500K/yr,2024–Present,active,estimated,Gaming
Aitana Bonmatí,Football (soccer),EA Sports,$1.0M,$500K/yr,2024–Present,active,estimated,Gaming
Lamine Yamal,Football (soccer),Beats by Dre,$1.0M,$500K/yr,2024–Present,active,estimated,Electronics
Connor Bedard,Ice hockey,Bauer,$1.0M,$250K/yr,2023–Present,active,estimated,Equipment
Nelly Korda,Golf,Whoop,$1.0M,$250K/yr,2024–Present,active,estimated,Technology
Quinn Ewers,American football,Adidas,$1.0M,$500K/yr,2022–Present,active,estimated,Apparel
Caleb Williams,American football,Beats by Dre,$1.0M,$500K/yr,2022–2024,expired,estimated,Electronics
Marvin Harrison Jr.,American football,Nike,$1.0M,$500K/yr,2023–2024,expired,estimated,Apparel
Haley Cavinder,Basketball,WWE,$1.0M,$500K/yr,2023–Present,active,estimated,Entertainment
Hanna Cavinder,Basketball,WWE,$1.0M,$500K/yr,2023–Present,active,estimated,Entertainment
Rose Zhang,Golf,Adidas,$1.0M,$500K/yr,2023–Present,active,estimated,Apparel
Cameron Brink,Basketball,Nike,$1.0M,$500K/yr,2022–2024,expired,estimated,Apparel
Bronny James (NIL Era),Basketball,Beats by Dre,$1.0M,$500K/yr,2023–2024,expired,estimated,Electronics
Keelon Russell,American football,Nike,$1.0M,$500K/yr,2025–Present,active,estimated,Apparel
Ashton Jeanty,American football,Nike,$1.0M,$500K/yr,2024–Present,active,estimated,Apparel
Cam Coleman,American football,Crocs,$900K,$450K/yr,2025–Present,active,estimated,Footwear
Angel Reese,Basketball,McDonald's,$800K,$400K/yr,2024–Present,active,estimated,Food
A'ja Wilson,Basketball,Toyota,$800K,$400K/yr,2024–Present,active,rumored,Automotive
Breanna Stewart,Basketball,Subway,$800K,$400K/yr,2024–Present,active,estimated,Food
Sabrina Ionescu,Basketball,Pepsi,$800K,$400K/yr,2025–Present,active,rumored,Beverage
Connor Bedard,Ice hockey,Tim Hortons,$800K,$200K/yr,2024–Present,active,estimated,Food
Carson Beck,American football,Adidas,$800K,$400K/yr,2023–Present,active,estimated,Apparel
Jeremiah Smith,American football,Nike,$800K,$400K/yr,2024–Present,active,estimated,Apparel
Flau'jae Johnson,Basketball,Puma,$800K,$400K/yr,2023–Present,active,estimated,Apparel
Jordan Chiles,Gymnastics,Nike,$800K,$400K/yr,2022–Present,active,estimated,Apparel
Léon Marchand,Swimming,Omega,$800K,$400K/yr,2023–Present,active,estimated,Luxury
Bryce Underwood,American football,Nike,$800K,$400K/yr,2025–Present,active,estimated,Apparel
Dylan Raiola,American football,Adidas,$800K,$400K/yr,2024–Present,active,estimated,Apparel
Rose Zhang,Golf,TaylorMade,$800K,$400K/yr,2023–Present,active,estimated,Equipment
MiLaysia Fulwiley,Basketball,Jordan Brand,$800K,$400K/yr,2024–Present,active,estimated,Apparel
Katie Ledecky (College),Swimming,TYR Sport,$800K,$400K/yr,2020–2022,expired,estimated,Apparel
DJ Lagway,American football,Nike,$800K,$400K/yr,2024–Present,active,estimated,Apparel
Bryce James,Basketball,Nike,$800K,$400K/yr,2025–Present,active,estimated,Apparel
Cam Coleman,American football,Seat Geek,$800K,$400K/yr,2025–Present,active,estimated,Technology
Cameron Boozer,Basketball,Jordan Brand,$800K,$400K/yr,2025–Present,active,estimated,Apparel
Koa Peat,Basketball,2K Sports,$800K,$400K/yr,2025–Present,active,estimated,Gaming
Cam Ward,American football,Adidas,$700K,$350K/yr,2024–Present,active,estimated,Apparel
Jade Carey,Gymnastics,Nike,$700K,$350K/yr,2022–Present,active,estimated,Apparel
Ryan Williams,American football,Nike,$700K,$350K/yr,2024–Present,active,estimated,Apparel
Jayden Daniels,American football,Nike,$700K,$350K/yr,2023–2024,expired,estimated,Apparel
Julian Lewis,American football,Nike,$700K,$350K/yr,2025–Present,active,estimated,Apparel
Cade Klubnik,American football,Samsung,$700K,$350K/yr,2025–Present,active,estimated,Technology
Braden Smith,Basketball,State Farm,$700K,$350K/yr,2025–Present,active,estimated,Insurance
Angel Reese,Basketball,L'Oréal,$600K,$300K/yr,2024–Present,active,estimated,Beauty
Travis Hunter,American football,Beats by Dre,$600K,$300K/yr,2023–Present,active,estimated,Electronics
Jalen Milroe,American football,Nike,$600K,$300K/yr,2023–Present,active,estimated,Apparel
Luther Burden III,American football,Nike,$600K,$300K/yr,2023–Present,active,estimated,Apparel
Dylan Harper,Basketball,Nike,$600K,$300K/yr,2024–Present,active,estimated,Apparel
Hailey Van Lith,Basketball,Adidas,$600K,$300K/yr,2022–Present,active,estimated,Apparel
Brock Bowers,American football,Nike,$600K,$300K/yr,2022–2024,expired,estimated,Apparel
Olivia Moultrie,Football (soccer),Nike,$600K,$200K/yr,2019–Present,active,estimated,Apparel
Keely Hodgkinson,Track & field,New Balance,$600K,$300K/yr,2022–Present,active,estimated,Apparel
Cade Klubnik,American football,Celsius,$600K,$300K/yr,2025–Present,active,estimated,Beverage
Behren Morton,American football,Adidas,$600K,$300K/yr,2025–Present,active,estimated,Apparel
Azzi Fudd,Basketball,Jordan Brand,$600K,$300K/yr,2023–Present,active,estimated,Apparel
Madison Booker,Basketball,Nike,$600K,$300K/yr,2024–Present,active,estimated,Apparel
Madison Booker,Basketball,Unrivaled,$600K,$300K/yr,2025–Present,active,estimated,Sports League
Sienna Betts,Basketball,New Balance,$600K,$300K/yr,2025–Present,active,estimated,Apparel
Livvy Dunne,Gymnastics,GrubHub,$500K,$250K/yr,2023–Present,active,estimated,Food
Angel Reese,Basketball,Apple,$500K,$250K/yr,2025–Present,active,rumored,Technology
Arch Manning,American football,Panini,$500K,$250K/yr,2023–Present,active,estimated,Collectibles
Dillon Gabriel,American football,Nike,$500K,$250K/yr,2023–Present,active,estimated,Apparel
KJ Bolden,American football,Nike,$500K,$250K/yr,2024–Present,active,estimated,Apparel
Cooper Flagg,Basketball,Gatorade,$500K,$250K/yr,2024–Present,active,estimated,Beverage
Ace Bailey,Basketball,Puma,$500K,$250K/yr,2024–Present,active,estimated,Apparel
Zach Edey,Basketball,Adidas,$500K,$250K/yr,2023–2024,expired,estimated,Apparel
Tre Johnson,Basketball,Nike,$500K,$250K/yr,2024–Present,active,estimated,Apparel
Paige Bueckers,Basketball,Gatorade,$500K,$250K/yr,2021–Present,active,estimated,Beverage
Hannah Hidalgo,Basketball,Under Armour,$500K,$250K/yr,2024–Present,active,estimated,Apparel
Kiki Rice,Basketball,Jordan Brand,$500K,$250K/yr,2023–Present,active,estimated,Apparel
Suni Lee,Gymnastics,Visa,$500K,$250K/yr,2021–Present,active,estimated,Finance
Hezly Rivera,Gymnastics,Nike,$500K,$250K/yr,2024–Present,active,estimated,Apparel
Cade Klubnik,American football,Nike,$500K,$250K/yr,2023–Present,active,estimated,Apparel
Garrett Nussmeier,American football,Nike,$500K,$250K/yr,2024–Present,active,estimated,Apparel
Caleb Downs,American football,Nike,$500K,$250K/yr,2024–Present,active,estimated,Apparel
Haley Cavinder,Basketball,Boost Mobile,$500K,$250K/yr,2021–2024,expired,estimated,Telecommunications
Hanna Cavinder,Basketball,Boost Mobile,$500K,$250K/yr,2021–2024,expired,estimated,Telecommunications
Malik Nabers,American football,Nike,$500K,$250K/yr,2023–2024,expired,estimated,Apparel
Paul Skenes,Baseball,New Balance,$500K,$250K/yr,2023–2023,expired,estimated,Apparel
Tara Davis-Woodhall,Track & field,Nike,$500K,$250K/yr,2022–2023,expired,estimated,Apparel
Katie Ledecky (College),Swimming,Speedo,$500K,$250K/yr,2020–2022,expired,estimated,Apparel
Sedona Prince,Basketball,Nike,$500K,$250K/yr,2021–2023,expired,estimated,Apparel
AJ Dybantsa,Basketball,Beats by Dre,$500K,$250K/yr,2025–Present,active,estimated,Electronics
Cam Skattebo,American football,Adidas,$500K,$250K/yr,2024–Present,active,estimated,Apparel
Colin Simmons,American football,Nike,$500K,$250K/yr,2025–Present,active,estimated,Apparel
Cade Klubnik,American football,Collegiate Legends,$500K,$250K/yr,2025–Present,active,estimated,Collectibles
Garrett Nussmeier,American football,Nike,$500K,$250K/yr,2025–Present,active,estimated,Apparel
Ty Simpson,American football,Hugo Boss,$500K,$250K/yr,2025–Present,active,estimated,Luxury
Sawyer Robertson,American football,Nike,$500K,$250K/yr,2025–Present,active,estimated,Apparel
Cameron Boozer,Basketball,Samsung,$500K,$250K/yr,2025–Present,active,estimated,Technology
Braden Smith,Basketball,Great Clips,$500K,$250K/yr,2025–Present,active,estimated,Services
Braden Smith,Basketball,2K Sports,$500K,$250K/yr,2025–Present,active,estimated,Gaming
Lauren Betts,Basketball,Unrivaled,$500K,$250K/yr,2025–Present,active,estimated,Sports League
Arch Manning,American football,Gatorade,$400K,$200K/yr,2024–Present,active,estimated,Beverage
Quinn Ewers,American football,Beats by Dre,$400K,$200K/yr,2023–Present,active,estimated,Electronics
Nico Iamaleava,American football,Beats by Dre,$400K,$200K/yr,2024–Present,active,estimated,Electronics
Jaxon Dart,American football,Nike,$400K,$200K/yr,2023–Present,active,estimated,Apparel
Donovan Edwards,American football,Jordan Brand,$400K,$200K/yr,2023–Present,active,estimated,Apparel
Tetairoa McMillan,American football,Nike,$400K,$200K/yr,2024–Present,active,estimated,Apparel
Will Howard,American football,Nike,$400K,$200K/yr,2024–Present,active,estimated,Apparel
RJ Davis,American football,Jordan Brand,$400K,$200K/yr,2023–Present,active,estimated,Apparel
Reed Sheppard,Basketball,Nike,$400K,$200K/yr,2023–2024,expired,estimated,Apparel
Angel Reese (College),Basketball,Beats by Dre,$400K,$200K/yr,2023–2024,expired,estimated,Electronics
Suni Lee,Gymnastics,Olay,$400K,$200K/yr,2022–Present,active,estimated,Beauty
Quincy Wilson,Track & field,New Balance,$400K,$200K/yr,2024–Present,active,estimated,Apparel
Jocelyn Alo,Softball,Nike,$400K,$200K/yr,2022–2023,expired,estimated,Apparel
Regan Smith,Swimming,Speedo,$400K,$200K/yr,2023–Present,active,estimated,Apparel
Léon Marchand,Swimming,Arena,$400K,$200K/yr,2023–Present,active,estimated,Apparel
Jackson Arnold,American football,Jordan Brand,$400K,$200K/yr,2024–Present,active,estimated,Apparel
Michael Penix Jr.,American football,Nike,$400K,$200K/yr,2023–2024,expired,estimated,Apparel
Avery Johnson,American football,Adidas,$400K,$200K/yr,2024–Present,active,estimated,Apparel
DJ Lagway,American football,Gatorade,$400K,$200K/yr,2025–Present,active,estimated,Beverage
Isaiah Collier,Basketball,Jordan Brand,$400K,$200K/yr,2023–2024,expired,estimated,Apparel
AJ Dybantsa,Basketball,Gatorade,$400K,$200K/yr,2025–Present,active,estimated,Beverage
Abdul Carter,American football,Nike,$400K,$200K/yr,2024–Present,active,estimated,Apparel
Colin Simmons,American football,Hollister,$400K,$200K/yr,2025–Present,active,estimated,Apparel
Garrett Nussmeier,American football,Powerade,$400K,$200K/yr,2025–Present,active,estimated,Beverage
Garrett Nussmeier,American football,Raising Cane's,$400K,$200K/yr,2025–Present,active,estimated,Food
Ty Simpson,American football,Gatorade,$400K,$200K/yr,2025–Present,active,estimated,Beverage
Cameron Boozer,Basketball,State Farm,$400K,$200K/yr,2025–Present,active,estimated,Insurance
Cayden Boozer,Basketball,Jordan Brand,$400K,$200K/yr,2025–Present,active,estimated,Apparel
Lauren Betts,Basketball,Allstate,$400K,$200K/yr,2025–Present,active,estimated,Insurance
Sienna Betts,Basketball,Allstate,$400K,$200K/yr,2025–Present,active,estimated,Insurance
Sienna Betts,Basketball,McDonald's,$400K,$200K/yr,2025–Present,active,estimated,Food
Sienna Betts,Basketball,Unrivaled,$400K,$200K/yr,2025–Present,active,estimated,Sports League
Koa Peat,Basketball,Nike,$400K,$200K/yr,2025–Present,active,estimated,Apparel
Drew Allar,American football,Nike,$350K,$175K/yr,2023–Present,active,estimated,Apparel
Johni Broome,Basketball,Under Armour,$350K,$175K/yr,2024–Present,active,estimated,Apparel
Emeka Egbuka,American football,Nike,$350K,$175K/yr,2023–Present,active,estimated,Apparel
Colin Simmons,American football,Beats by Dre,$350K,$175K/yr,2025–Present,active,estimated,Electronics
Arch Manning,American football,Beats by Dre,$300K,$150K/yr,2024–Present,active,estimated,Electronics
Carson Beck,American football,Gatorade,$300K,$150K/yr,2024–Present,active,estimated,Beverage
Travis Hunter,American football,BodyArmor,$300K,$150K/yr,2024–Present,active,estimated,Beverage
Nico Iamaleava,American football,BodyArmor,$300K,$150K/yr,2024–Present,active,estimated,Beverage
Jeremiah Smith,American football,Beats by Dre,$300K,$150K/yr,2024–Present,active,estimated,Electronics
Tyler Van Dyke,American football,Under Armour,$300K,$150K/yr,2023–Present,active,estimated,Apparel
Ollie Gordon II,American football,Nike,$300K,$150K/yr,2023–Present,active,estimated,Apparel
Mark Sears,Basketball,Nike,$300K,$150K/yr,2024–Present,active,estimated,Apparel
Kam Jones,Basketball,Jordan Brand,$300K,$150K/yr,2024–Present,active,estimated,Apparel
VJ Edgecombe,Basketball,Adidas,$300K,$150K/yr,2024–Present,active,estimated,Apparel
Kasparas Jakucionis,Basketball,Nike,$300K,$150K/yr,2024–Present,active,estimated,Apparel
Paige Bueckers,Basketball,StockX,$300K,$150K/yr,2021–Present,active,estimated,Retail
JuJu Watkins,Basketball,Beats by Dre,$300K,$150K/yr,2024–Present,active,estimated,Electronics
Flau'jae Johnson,Basketball,Beats by Dre,$300K,$150K/yr,2023–Present,active,estimated,Electronics
Angel Reese (College),Basketball,Amazon,$300K,$150K/yr,2023–2024,expired,estimated,Retail
Hailey Van Lith,Basketball,Gatorade,$300K,$150K/yr,2023–Present,active,estimated,Beverage
Aziaha James,Basketball,Nike,$300K,$150K/yr,2024–Present,active,estimated,Apparel
Kate Martin,Basketball,Nike,$300K,$150K/yr,2024–2024,expired,estimated,Apparel
Suni Lee,Gymnastics,Amazon,$300K,$150K/yr,2024–Present,active,estimated,Technology
Trinity Thomas,Gymnastics,Nike,$300K,$150K/yr,2022–2024,expired,estimated,Apparel
Tiare Jennings,Softball,Nike,$300K,$150K/yr,2023–Present,active,estimated,Apparel
Gretchen Walsh,Swimming,Speedo,$300K,$150K/yr,2024–Present,active,estimated,Apparel
Bryce Underwood,American football,Beats by Dre,$300K,$150K/yr,2025–Present,active,estimated,Electronics
Dylan Raiola,American football,Beats by Dre,$300K,$150K/yr,2024–Present,active,estimated,Electronics
Kyle McCord,American football,Nike,$300K,$150K/yr,2024–Present,active,estimated,Apparel
Rome Odunze,American football,Nike,$300K,$150K/yr,2023–2024,expired,estimated,Apparel
Marvin Harrison Jr.,American football,Beats by Dre,$300K,$150K/yr,2023–2024,expired,estimated,Electronics
James Pearce Jr.,American football,Nike,$300K,$150K/yr,2023–2024,expired,estimated,Apparel
Donovan Clingan,Basketball,Nike,$300K,$150K/yr,2023–2024,expired,estimated,Apparel
Rachel Heck,Golf,Titleist,$300K,$150K/yr,2023–Present,active,estimated,Equipment
Jayden Daniels,American football,Beats by Dre,$300K,$150K/yr,2023–2024,expired,estimated,Electronics
Bo Nix,American football,Nike,$300K,$150K/yr,2023–2024,expired,estimated,Apparel
Paul Skenes,Baseball,Gatorade,$300K,$150K/yr,2023–2023,expired,estimated,Beverage
Raven Johnson,Basketball,Nike,$300K,$150K/yr,2023–Present,active,estimated,Apparel
Cameron Brink,Basketball,Gatorade,$300K,$150K/yr,2023–2024,expired,estimated,Beverage
Leanne Wong,Gymnastics,Nike,$300K,$150K/yr,2023–Present,active,estimated,Apparel
Quinshon Judkins,American football,Nike,$300K,$150K/yr,2024–Present,active,estimated,Apparel
Mykel Williams,American football,Nike,$300K,$150K/yr,2024–Present,active,estimated,Apparel
Kelvin Banks Jr.,American football,Nike,$300K,$150K/yr,2024–Present,active,estimated,Apparel
Olivia Moultrie,Football (soccer),Gatorade,$300K,$150K/yr,2022–Present,active,estimated,Beverage
Alex Sarr,Basketball,Nike,$300K,$150K/yr,2023–2024,expired,estimated,Apparel
Keely Hodgkinson,Track & field,Gatorade,$300K,$150K/yr,2023–Present,active,estimated,Beverage
Keelon Russell,American football,Beats by Dre,$300K,$150K/yr,2025–Present,active,estimated,Electronics
Bryce James,Basketball,Beats by Dre,$300K,$150K/yr,2025–Present,active,estimated,Electronics
AJ Dybantsa,Basketball,EA Sports,$300K,$150K/yr,2025–Present,active,estimated,Gaming
Raegan Beers,Basketball,Nike,$300K,$150K/yr,2024–Present,active,estimated,Apparel
Ashton Jeanty,American football,BodyArmor,$300K,$150K/yr,2025–Present,active,estimated,Beverage
Cameron Boozer,Basketball,Domino's,$300K,$150K/yr,2025–Present,active,estimated,Food
Cayden Boozer,Basketball,Samsung,$300K,$150K/yr,2025–Present,active,estimated,Technology
Cayden Boozer,Basketball,State Farm,$300K,$150K/yr,2025–Present,active,estimated,Insurance
Azzi Fudd,Basketball,Celsius,$300K,$150K/yr,2024–Present,active,estimated,Beverage
Madison Booker,Basketball,2K Sports,$300K,$150K/yr,2025–Present,active,estimated,Gaming
Lauren Betts,Basketball,2K Sports,$300K,$150K/yr,2025–Present,active,estimated,Gaming
Yaxel Lendeborg,Basketball,Nike,$300K,$150K/yr,2025–Present,active,estimated,Apparel
Arch Manning,American football,EA Sports,$250K,$125K/yr,2024–Present,active,estimated,Gaming
Cam Ward,American football,Gatorade,$250K,$125K/yr,2024–Present,active,estimated,Beverage
Jeremiah Smith,American football,Gatorade,$250K,$125K/yr,2025–Present,active,rumored,Beverage
Tyler Warren,American football,Nike,$250K,$125K/yr,2024–Present,active,estimated,Apparel
Hunter Sallis,Basketball,Adidas,$250K,$125K/yr,2023–Present,active,estimated,Apparel
Airious Bailey,Basketball,Nike,$250K,$125K/yr,2024–Present,active,estimated,Apparel
Jade Carey,Gymnastics,Gatorade,$250K,$125K/yr,2023–Present,active,estimated,Beverage
Quincy Wilson,Track & field,Gatorade,$250K,$125K/yr,2025–Present,active,estimated,Beverage
Matthew Boling,Track & field,Adidas,$250K,$125K/yr,2023–Present,active,estimated,Apparel
Jocelyn Alo,Softball,Gatorade,$250K,$125K/yr,2022–2023,expired,estimated,Beverage
Jordy Bahl,Softball,Nike,$250K,$125K/yr,2024–Present,active,estimated,Apparel
Korbin Albert,Football (soccer),Nike,$250K,$125K/yr,2023–Present,active,estimated,Apparel
Bryce Underwood,American football,Gatorade,$250K,$125K/yr,2025–Present,active,rumored,Beverage
Ty Simpson,American football,Nike,$250K,$125K/yr,2023–Present,active,estimated,Apparel
Dallas Turner,American football,Nike,$250K,$125K/yr,2023–2024,expired,estimated,Apparel
Tyler Kolek,Basketball,Jordan Brand,$250K,$125K/yr,2023–2024,expired,estimated,Apparel
Sam Hartman,American football,Under Armour,$250K,$125K/yr,2023–2024,expired,estimated,Apparel
Malik Nabers,American football,Beats by Dre,$250K,$125K/yr,2023–2024,expired,estimated,Electronics
Jac Caglianone,Baseball,Nike,$250K,$125K/yr,2024–Present,active,estimated,Apparel
Tara Davis-Woodhall,Track & field,Gatorade,$250K,$125K/yr,2022–2023,expired,estimated,Beverage
Konnor McClain,Gymnastics,Nike,$250K,$125K/yr,2024–Present,active,estimated,Apparel
TreVeyon Henderson,American football,Nike,$250K,$125K/yr,2023–Present,active,estimated,Apparel
Keon Coleman,American football,Nike,$250K,$125K/yr,2023–2024,expired,estimated,Apparel
Will Johnson,American football,Jordan Brand,$250K,$125K/yr,2024–Present,active,estimated,Apparel
Sonny Styles,American football,Nike,$250K,$125K/yr,2024–Present,active,estimated,Apparel
Julian Lewis,American football,Beats by Dre,$250K,$125K/yr,2025–Present,active,estimated,Electronics
Ashton Jeanty,American football,Beats by Dre,$250K,$125K/yr,2025–Present,active,estimated,Electronics
Colin Simmons,American football,Sonic,$250K,$125K/yr,2025–Present,active,estimated,Food
Azzi Fudd,Basketball,Cash App,$250K,$125K/yr,2024–Present,active,estimated,Finance
Azzi Fudd,Basketball,American Eagle Outfitters,$250K,$125K/yr,2024–Present,active,estimated,Apparel
Jalen Milroe,American football,Beats by Dre,$200K,$100K/yr,2024–Present,active,estimated,Electronics
Dillon Gabriel,American football,Gatorade,$200K,$100K/yr,2024–Present,active,estimated,Beverage
Cam Ward,American football,Beats by Dre,$200K,$100K/yr,2024–Present,active,estimated,Electronics
KJ Bolden,American football,Beats by Dre,$200K,$100K/yr,2024–Present,active,estimated,Electronics
Luther Burden III,American football,Beats by Dre,$200K,$100K/yr,2024–Present,active,estimated,Electronics
Ollie Gordon II,American football,Gatorade,$200K,$100K/yr,2024–Present,active,estimated,Beverage
Dylan Harper,Basketball,Beats by Dre,$200K,$100K/yr,2024–Present,active,estimated,Electronics
Zach Edey,Basketball,Gatorade,$200K,$100K/yr,2024–2024,expired,estimated,Beverage
Ryan Kalkbrenner,Basketball,Nike,$200K,$100K/yr,2024–Present,active,estimated,Apparel
Hannah Hidalgo,Basketball,Gatorade,$200K,$100K/yr,2024–Present,active,estimated,Beverage
Kiki Rice,Basketball,Beats by Dre,$200K,$100K/yr,2024–Present,active,estimated,Electronics
Hailey Van Lith,Basketball,Beats by Dre,$200K,$100K/yr,2023–Present,active,estimated,Electronics
Kate Martin,Basketball,Gatorade,$200K,$100K/yr,2024–2024,expired,estimated,Beverage
Gabbie Marshall,Basketball,Nike,$200K,$100K/yr,2023–2024,expired,estimated,Apparel
Hezly Rivera,Gymnastics,Gatorade,$200K,$100K/yr,2025–Present,active,estimated,Beverage
Jade Carey,Gymnastics,Visa,$200K,$100K/yr,2022–Present,active,estimated,Finance
Jordan Chiles,Gymnastics,Skullcandy,$200K,$100K/yr,2023–Present,active,estimated,Electronics
Trinity Thomas,Gymnastics,Gatorade,$200K,$100K/yr,2023–2024,expired,estimated,Beverage
Masai Russell,Track & field,Nike,$200K,$100K/yr,2024–Present,active,estimated,Apparel
Tiare Jennings,Softball,Gatorade,$200K,$100K/yr,2024–Present,active,estimated,Beverage
Croix Bethune,Football (soccer),Adidas,$200K,$100K/yr,2024–Present,active,estimated,Apparel
Kathryn Plummer,Volleyball,Nike,$200K,$100K/yr,2021–2022,expired,estimated,Apparel
Regan Smith,Swimming,Gatorade,$200K,$100K/yr,2024–Present,active,estimated,Beverage
Gretchen Walsh,Swimming,Gatorade,$200K,$100K/yr,2025–Present,active,estimated,Beverage
Ryan Williams,American football,Beats by Dre,$200K,$100K/yr,2024–Present,active,estimated,Electronics
Cade Klubnik,American football,Beats by Dre,$200K,$100K/yr,2024–Present,active,estimated,Electronics
Garrett Nussmeier,American football,Beats by Dre,$200K,$100K/yr,2024–Present,active,estimated,Electronics
Kyle McCord,American football,Gatorade,$200K,$100K/yr,2024–Present,active,estimated,Beverage
Jackson Arnold,American football,Beats by Dre,$200K,$100K/yr,2024–Present,active,estimated,Electronics
Emeka Egbuka,American football,Beats by Dre,$200K,$100K/yr,2024–Present,active,estimated,Electronics
Rome Odunze,American football,Gatorade,$200K,$100K/yr,2023–2024,expired,estimated,Beverage
Sara Bejlek,Tennis,Nike,$200K,$100K/yr,2024–Present,active,estimated,Apparel
Spencer Lee,Wrestling,Nike,$200K,$100K/yr,2022–2024,expired,estimated,Apparel
Caleb Downs,American football,Beats by Dre,$200K,$100K/yr,2025–Present,active,estimated,Electronics
James Pearce Jr.,American football,Beats by Dre,$200K,$100K/yr,2024–2024,expired,estimated,Electronics
Laiatu Latu,American football,Under Armour,$200K,$100K/yr,2023–2024,expired,estimated,Apparel
Dalton Knecht,Basketball,Nike,$200K,$100K/yr,2024–2024,expired,estimated,Apparel
Logan Eggleston,Volleyball,Nike,$200K,$100K/yr,2022–2023,expired,estimated,Apparel
Rachel Heck,Golf,Adidas,$200K,$100K/yr,2024–Present,active,estimated,Apparel
Michael Penix Jr.,American football,Beats by Dre,$200K,$100K/yr,2023–2024,expired,estimated,Electronics
Bo Nix,American football,Gatorade,$200K,$100K/yr,2023–2024,expired,estimated,Beverage
Brock Bowers,American football,Beats by Dre,$200K,$100K/yr,2023–2024,expired,estimated,Electronics
Paul Skenes,Baseball,Rawlings,$200K,$100K/yr,2023–2023,expired,estimated,Equipment
MiLaysia Fulwiley,Basketball,Beats by Dre,$200K,$100K/yr,2024–Present,active,estimated,Electronics
Macklin Celebrini,Ice hockey,Adidas,$200K,$100K/yr,2024–2024,expired,estimated,Apparel
Sam Hurley,Track & field,Nike,$200K,$100K/yr,2024–Present,active,estimated,Apparel
Leanne Wong,Gymnastics,Gatorade,$200K,$100K/yr,2024–Present,active,estimated,Beverage
Avery Johnson,American football,Gatorade,$200K,$100K/yr,2025–Present,active,estimated,Beverage
Trey Benson,American football,Nike,$200K,$100K/yr,2023–2024,expired,estimated,Apparel
Olivia Moultrie,Football (soccer),Beats by Dre,$200K,$100K/yr,2023–Present,active,estimated,Electronics
Sedona Prince,Basketball,Beats by Dre,$200K,$100K/yr,2021–2023,expired,estimated,Electronics
Keely Hodgkinson,Track & field,Beats by Dre,$200K,$100K/yr,2024–Present,active,estimated,Electronics
DJ Lagway,American football,Beats by Dre,$200K,$100K/yr,2025–Present,active,estimated,Electronics
Keelon Russell,American football,BodyArmor,$200K,$100K/yr,2025–Present,active,estimated,Beverage
Julian Lewis,American football,Gatorade,$200K,$100K/yr,2025–Present,active,estimated,Beverage
Bryce James,Basketball,Gatorade,$200K,$100K/yr,2025–Present,active,rumored,Beverage
Cam Skattebo,American football,Gatorade,$200K,$100K/yr,2025–Present,active,estimated,Beverage
Ashton Jeanty,American football,EA Sports,$200K,$100K/yr,2025–Present,active,estimated,Gaming
Cameron Boozer,Basketball,2K Sports,$200K,$100K/yr,2025–Present,active,estimated,Gaming
Cayden Boozer,Basketball,Domino's,$200K,$100K/yr,2025–Present,active,estimated,Food
Azzi Fudd,Basketball,2K Sports,$200K,$100K/yr,2025–Present,active,estimated,Gaming
Azzi Fudd,Basketball,Geico,$200K,$100K/yr,2025–Present,active,estimated,Insurance
Koa Peat,Basketball,Gatorade,$200K,$100K/yr,2025–Present,active,estimated,Beverage
Jalen Milroe,American football,BodyArmor,$150K,$75K/yr,2024–Present,active,estimated,Beverage
Dillon Gabriel,American football,EA Sports,$150K,$75K/yr,2024–Present,active,estimated,Gaming
Jaxon Dart,American football,Beats by Dre,$150K,$75K/yr,2024–Present,active,estimated,Electronics
Donovan Edwards,American football,Gatorade,$150K,$75K/yr,2024–Present,active,estimated,Beverage
Tetairoa McMillan,American football,BodyArmor,$150K,$75K/yr,2024–Present,active,estimated,Beverage
Dylan Harper,Basketball,Gatorade,$150K,$75K/yr,2025–Present,active,rumored,Beverage
Ace Bailey,Basketball,Beats by Dre,$150K,$75K/yr,2024–Present,active,estimated,Electronics
RJ Davis,American football,Gatorade,$150K,$75K/yr,2024–Present,active,estimated,Beverage
Zach Edey,Basketball,Subway,$150K,$75K/yr,2024–2024,expired,estimated,Food
Tre Johnson,Basketball,Beats by Dre,$150K,$75K/yr,2025–Present,active,estimated,Electronics
Hannah Hidalgo,Basketball,Beats by Dre,$150K,$75K/yr,2025–Present,active,estimated,Electronics
Kiki Rice,Basketball,Gatorade,$150K,$75K/yr,2024–Present,active,estimated,Beverage
Hailey Van Lith,Basketball,Celsius,$150K,$75K/yr,2024–Present,active,estimated,Beverage
Aziaha James,Basketball,Beats by Dre,$150K,$75K/yr,2025–Present,active,estimated,Electronics
Kate Martin,Basketball,Beats by Dre,$150K,$75K/yr,2024–2024,expired,estimated,Electronics
Gabbie Marshall,Basketball,Celsius,$150K,$75K/yr,2023–2024,expired,estimated,Beverage
Hezly Rivera,Gymnastics,Beats by Dre,$150K,$75K/yr,2025–Present,active,estimated,Electronics
Quincy Wilson,Track & field,Beats by Dre,$150K,$75K/yr,2025–Present,active,estimated,Electronics
Matthew Boling,Track & field,Gatorade,$150K,$75K/yr,2024–Present,active,estimated,Beverage
Jocelyn Alo,Softball,Beats by Dre,$150K,$75K/yr,2022–2023,expired,estimated,Electronics
Jordy Bahl,Softball,BodyArmor,$150K,$75K/yr,2024–Present,active,estimated,Beverage
Korbin Albert,Football (soccer),Gatorade,$150K,$75K/yr,2024–Present,active,estimated,Beverage
Madison Lilley,Volleyball,Nike,$150K,$75K/yr,2021–2022,expired,estimated,Apparel
Ryan Williams,American football,Gatorade,$150K,$75K/yr,2025–Present,active,estimated,Beverage
Cade Klubnik,American football,Gatorade,$150K,$75K/yr,2024–Present,active,estimated,Beverage
Ty Simpson,American football,BodyArmor,$150K,$75K/yr,2024–Present,active,estimated,Beverage
Garrett Nussmeier,American football,Gatorade,$150K,$75K/yr,2025–Present,active,estimated,Beverage
Caleb Downs,American football,Gatorade,$150K,$75K/yr,2025–Present,active,estimated,Beverage
Dallas Turner,American football,BodyArmor,$150K,$75K/yr,2024–2024,expired,estimated,Beverage
Donovan Clingan,Basketball,Beats by Dre,$150K,$75K/yr,2024–2024,expired,estimated,Electronics
Lexi Sun,Volleyball,Adidas,$150K,$75K/yr,2021–2022,expired,estimated,Apparel
Michael Penix Jr.,American football,Gatorade,$150K,$75K/yr,2024–2024,expired,estimated,Beverage
Chase Burns,Baseball,Nike,$150K,$75K/yr,2024–Present,active,estimated,Apparel
Jac Caglianone,Baseball,Gatorade,$150K,$75K/yr,2024–Present,active,estimated,Beverage
Raven Johnson,Basketball,Beats by Dre,$150K,$75K/yr,2024–Present,active,estimated,Electronics
Tara Davis-Woodhall,Track & field,Beats by Dre,$150K,$75K/yr,2023–2023,expired,estimated,Electronics
Reggie Dunlap,Ice hockey,Nike,$150K,$75K/yr,2024–Present,active,estimated,Apparel
Avery Johnson,American football,Beats by Dre,$150K,$75K/yr,2025–Present,active,estimated,Electronics
Quinshon Judkins,American football,EA Sports,$150K,$75K/yr,2025–Present,active,estimated,Gaming
TreVeyon Henderson,American football,Gatorade,$150K,$75K/yr,2024–Present,active,estimated,Beverage
Cody Simon,American football,Nike,$150K,$75K/yr,2024–Present,active,estimated,Apparel
Mykel Williams,American football,Beats by Dre,$150K,$75K/yr,2025–Present,active,estimated,Electronics
Kelvin Banks Jr.,American football,EA Sports,$150K,$75K/yr,2025–Present,active,estimated,Gaming
Alex Sarr,Basketball,EA Sports,$150K,$75K/yr,2024–2024,expired,estimated,Gaming
DJ Lagway,American football,Fanatics,$150K,$75K/yr,2025–Present,active,estimated,Retail
Sarah Fillier,Ice hockey,Adidas,$150K,$75K/yr,2024–Present,active,estimated,Apparel
Cam Skattebo,American football,EA Sports,$150K,$75K/yr,2025–Present,active,estimated,Gaming
Abdul Carter,American football,Beats by Dre,$150K,$75K/yr,2025–Present,active,estimated,Electronics
Behren Morton,American football,Gatorade,$150K,$75K/yr,2025–Present,active,estimated,Beverage
Sawyer Robertson,American football,Beats by Dre,$150K,$75K/yr,2025–Present,active,estimated,Electronics
Yaxel Lendeborg,Basketball,Gatorade,$150K,$75K/yr,2025–Present,active,estimated,Beverage
Drew Allar,American football,Subway,$120K,$60K/yr,2024–Present,active,estimated,Food
Johni Broome,Basketball,Gatorade,$120K,$60K/yr,2024–Present,active,estimated,Beverage
Masai Russell,Track & field,BodyArmor,$120K,$60K/yr,2025–Present,active,estimated,Beverage
Logan Eggleston,Volleyball,Gatorade,$120K,$60K/yr,2022–2023,expired,estimated,Beverage
Sam Hurley,Track & field,Gatorade,$120K,$60K/yr,2025–Present,active,estimated,Beverage
Konnor McClain,Gymnastics,Gatorade,$120K,$60K/yr,2025–Present,active,estimated,Beverage
Will Johnson,American football,Gatorade,$120K,$60K/yr,2025–Present,active,estimated,Beverage
Sonny Styles,American football,Beats by Dre,$120K,$60K/yr,2025–Present,active,estimated,Electronics
Tyler Van Dyke,American football,BodyArmor,$100K,$50K/yr,2024–Present,active,estimated,Beverage
Tyler Warren,American football,Gatorade,$100K,$50K/yr,2024–Present,active,estimated,Beverage
Will Howard,American football,Fanatics,$100K,$50K/yr,2024–Present,active,estimated,Retail
Ollie Gordon II,American football,EA Sports,$100K,$50K/yr,2024–Present,active,estimated,Gaming
Mark Sears,Basketball,Beats by Dre,$100K,$50K/yr,2024–Present,active,estimated,Electronics
Reed Sheppard,Basketball,EA Sports,$100K,$50K/yr,2024–2024,expired,estimated,Gaming
VJ Edgecombe,Basketball,Gatorade,$100K,$50K/yr,2025–Present,active,estimated,Beverage
Kasparas Jakucionis,Basketball,Beats by Dre,$100K,$50K/yr,2025–Present,active,estimated,Electronics
Aziaha James,Basketball,BodyArmor,$100K,$50K/yr,2025–Present,active,estimated,Beverage
Gabbie Marshall,Basketball,BodyArmor,$100K,$50K/yr,2024–2024,expired,estimated,Beverage
Trinity Thomas,Gymnastics,Beats by Dre,$100K,$50K/yr,2023–2024,expired,estimated,Electronics
Croix Bethune,Football (soccer),BodyArmor,$100K,$50K/yr,2025–Present,active,estimated,Beverage
Kathryn Plummer,Volleyball,Gatorade,$100K,$50K/yr,2021–2022,expired,estimated,Beverage
Jackson Arnold,American football,EA Sports,$100K,$50K/yr,2025–Present,active,estimated,Gaming
Emeka Egbuka,American football,EA Sports,$100K,$50K/yr,2024–Present,active,estimated,Gaming
Sara Bejlek,Tennis,Wilson,$100K,$50K/yr,2024–Present,active,estimated,Equipment
Charlotte North,Lacrosse,Under Armour,$100K,$50K/yr,2022–2023,expired,estimated,Apparel
Spencer Lee,Wrestling,BodyArmor,$100K,$50K/yr,2023–2024,expired,estimated,Beverage
Laiatu Latu,American football,Gatorade,$100K,$50K/yr,2024–2024,expired,estimated,Beverage
Tyler Kolek,Basketball,Gatorade,$100K,$50K/yr,2024–2024,expired,estimated,Beverage
Dalton Knecht,Basketball,Gatorade,$100K,$50K/yr,2024–2024,expired,estimated,Beverage
Sam Hartman,American football,Gatorade,$100K,$50K/yr,2023–2024,expired,estimated,Beverage
Malik Nabers,American football,EA Sports,$100K,$50K/yr,2024–2024,expired,estimated,Gaming
Chase Burns,Baseball,Gatorade,$100K,$50K/yr,2025–Present,active,estimated,Beverage
Macklin Celebrini,Ice hockey,EA Sports,$100K,$50K/yr,2024–2024,expired,estimated,Gaming
Reggie Dunlap,Ice hockey,Beats by Dre,$100K,$50K/yr,2025–Present,active,estimated,Electronics
Leanne Wong,Gymnastics,Beats by Dre,$100K,$50K/yr,2024–Present,active,estimated,Electronics
Trey Benson,American football,Gatorade,$100K,$50K/yr,2024–2024,expired,estimated,Beverage
Keon Coleman,American football,Beats by Dre,$100K,$50K/yr,2024–2024,expired,estimated,Electronics
Isaiah Collier,Basketball,Beats by Dre,$100K,$50K/yr,2023–2024,expired,estimated,Electronics
Raegan Beers,Basketball,Gatorade,$100K,$50K/yr,2025–Present,active,estimated,Beverage
Abdul Carter,American football,Gatorade,$100K,$50K/yr,2025–Present,active,rumored,Beverage
Hunter Sallis,Basketball,BodyArmor,$80K,$40K/yr,2024–Present,active,estimated,Beverage
Kam Jones,Basketball,BodyArmor,$80K,$40K/yr,2024–Present,active,estimated,Beverage
Ryan Kalkbrenner,Basketball,Subway,$80K,$40K/yr,2024–Present,active,estimated,Food
Johni Broome,Basketball,EA Sports,$80K,$40K/yr,2025–Present,active,estimated,Gaming
Airious Bailey,Basketball,Beats by Dre,$80K,$40K/yr,2025–Present,active,estimated,Electronics
Madison Lilley,Volleyball,BodyArmor,$80K,$40K/yr,2021–2022,expired,estimated,Beverage
Charlotte North,Lacrosse,Gatorade,$80K,$40K/yr,2022–2023,expired,estimated,Beverage
Lexi Sun,Volleyball,Gatorade,$80K,$40K/yr,2022–2022,expired,estimated,Beverage
Logan Eggleston,Volleyball,Beats by Dre,$80K,$40K/yr,2023–2023,expired,estimated,Electronics
Raven Johnson,Basketball,Celsius,$80K,$40K/yr,2024–Present,active,estimated,Beverage
Lanie Delosa,Unknown,Nike,$80K,$40K/yr,2024–Present,active,estimated,Apparel
Cody Simon,American football,Gatorade,$80K,$40K/yr,2025–Present,active,estimated,Beverage
Sarah Fillier,Ice hockey,CCM Hockey,$80K,$40K/yr,2024–Present,active,estimated,Equipment
Lanie Delosa,Unknown,BodyArmor,$50K,$25K/yr,2025–Present,active,estimated,Beverage
